"x.in.cm","Mean.DO.mg.per.L"
2.00192233756248,6.65641555042489
2.01768550557478,NA
2.03344867358708,NA
2.04921184159938,NA
2.06497500961169,NA
2.08073817762399,NA
2.09650134563629,NA
2.1122645136486,NA
2.1280276816609,NA
2.1437908496732,NA
2.15955401768551,NA
2.17531718569781,NA
2.19108035371011,NA
2.20684352172241,NA
2.22260668973472,NA
2.23836985774702,NA
2.25413302575932,NA
2.26989619377163,NA
2.28565936178393,NA
2.30142252979623,NA
2.31718569780854,NA
2.33294886582084,NA
2.34871203383314,NA
2.36447520184544,NA
2.38023836985775,NA
2.39600153787005,NA
2.41176470588235,NA
2.42752787389466,NA
2.44329104190696,NA
2.45905420991926,NA
2.47481737793156,NA
2.49058054594387,NA
2.50634371395617,NA
2.52210688196847,NA
2.53787004998078,NA
2.55363321799308,NA
2.56939638600538,NA
2.58515955401769,NA
2.60092272202999,NA
2.61668589004229,NA
2.63244905805459,NA
2.6482122260669,NA
2.6639753940792,NA
2.6797385620915,NA
2.69550173010381,NA
2.71126489811611,NA
2.72702806612841,NA
2.74279123414072,NA
2.75855440215302,NA
2.77431757016532,NA
2.79008073817762,NA
2.80584390618993,NA
2.82160707420223,NA
2.83737024221453,NA
2.85313341022684,NA
2.86889657823914,NA
2.88465974625144,NA
2.90042291426374,NA
2.91618608227605,NA
2.93194925028835,NA
2.94771241830065,NA
2.96347558631296,NA
2.97923875432526,NA
2.99500192233756,NA
3.01076509034987,NA
3.02652825836217,NA
3.04229142637447,NA
3.05805459438677,NA
3.07381776239908,NA
3.08958093041138,NA
3.10534409842368,NA
3.12110726643599,NA
3.13687043444829,NA
3.15263360246059,NA
3.1683967704729,NA
3.1841599384852,NA
3.1999231064975,NA
3.2156862745098,NA
3.23144944252211,NA
3.24721261053441,NA
3.26297577854671,NA
3.27873894655902,NA
3.29450211457132,NA
3.31026528258362,NA
3.32602845059593,NA
3.34179161860823,NA
3.35755478662053,NA
3.37331795463283,NA
3.38908112264514,NA
3.40484429065744,NA
3.42060745866974,NA
3.43637062668205,NA
3.45213379469435,NA
3.46789696270665,NA
3.48366013071895,NA
3.49942329873126,NA
3.51518646674356,NA
3.53094963475586,NA
3.54671280276817,NA
3.56247597078047,NA
3.57823913879277,NA
3.59400230680508,NA
3.60976547481738,NA
3.62552864282968,NA
3.64129181084198,NA
3.65705497885429,NA
3.67281814686659,NA
3.68858131487889,NA
3.7043444828912,NA
3.7201076509035,NA
3.7358708189158,NA
3.75163398692811,NA
3.76739715494041,NA
3.78316032295271,NA
3.79892349096501,NA
3.81468665897732,NA
3.83044982698962,NA
3.84621299500192,NA
3.86197616301423,7.53017930659521
3.87773933102653,7.67812743655464
3.89350249903883,7.68877308112788
3.90926566705113,7.77127796523512
3.92502883506344,7.70614331758227
3.94079200307574,7.82330904364466
3.95655517108804,7.79817040527037
3.97231833910035,7.71962767684655
3.98808150711265,7.78983578346336
4.00384467512495,7.75173224013281
4.01960784313726,7.65832890138468
4.03537101114956,7.67265332209098
4.05113417916186,7.5157097005209
4.06689734717416,7.42854466937997
4.08266051518647,7.34704654843955
4.09842368319877,7.31676937053567
4.11418685121107,7.23273477719802
4.12995001922338,7.34414403297706
4.14571318723568,7.29803425239628
4.16147635524798,7.30196636036204
4.17723952326029,7.28452494321866
4.19300269127259,7.25913571317775
4.20876585928489,7.18504786812581
4.22452902729719,7.24311648133089
4.2402921953095,7.19114995761422
4.2560553633218,7.16317288653068
4.2718185313341,7.13939520780901
4.28758169934641,7.15930225485708
4.30334486735871,7.19961094765847
4.31910803537101,7.12269651941259
4.33487120338332,7.16296761819721
4.35063437139562,7.14906666988
4.36639753940792,7.19677539015726
4.38216070742022,7.22261365706943
4.39792387543253,7.24238780745947
4.41368704344483,7.22109416875631
4.42945021145713,7.24734517017287
4.44521337946944,7.26096127827175
4.46097654748174,7.3380668597409
4.47673971549404,7.3045052354849
4.49250288350634,7.26031494659455
4.50826605151865,7.25431644755021
4.52402921953095,7.22877638844935
4.53979238754325,7.25393297521324
4.55555555555556,7.23979848043201
4.57131872356786,7.32626910860066
4.58708189158016,7.25832272174916
4.60284505959247,7.28295109459228
4.61860822760477,7.25720598247115
4.63437139561707,7.22133852300147
4.65013456362937,7.30073588049236
4.66589773164168,7.23179146217876
4.68166089965398,7.2662686791587
4.69742406766628,7.30389413872377
4.71318723567859,7.33705504544082
4.72895040369089,7.40298147643877
4.74471357170319,7.25529656901813
4.76047673971549,7.25871377254089
4.7762399077278,7.33618155761257
4.7920030757401,7.2866929240065
4.8077662437524,7.28149878630427
4.82352941176471,7.31509762436697
4.83929257977701,7.3215479320699
4.85505574778931,7.36300400969096
4.87081891580162,7.34276370087263
4.88658208381392,7.42640222560716
4.90234525182622,7.40127580288152
4.91810841983852,7.38839393937709
4.93387158785083,7.35641761550419
4.94963475586313,7.32320365834422
4.96539792387543,7.28291329114404
4.98116109188774,7.30046970290873
4.99692425990004,7.34673886039386
5.01268742791234,7.30741724443133
5.02845059592465,7.3198768010445
5.04421376393695,7.26794211575931
5.05997693194925,7.27678852821117
5.07574009996155,7.29400805970206
5.09150326797386,7.26237075868281
5.10726643598616,7.35332525351636
5.12302960399846,7.2717887772316
5.13879277201077,7.32315073405761
5.15455594002307,7.39827590397145
5.17031910803537,7.33184977617222
5.18608227604768,7.36837631254277
5.20184544405998,7.3909430440642
5.21760861207228,7.37412556767403
5.23337178008458,7.39873365447215
5.24913494809689,7.3219955017439
5.26489811610919,7.30888754389658
5.28066128412149,7.33408338169574
5.2964244521338,7.31901346821436
5.3121876201461,7.30733991303279
5.3279507881584,7.35854519376289
5.3437139561707,7.33373282907356
5.35947712418301,7.30311609453179
5.37524029219531,7.3129320107699
5.39100346020761,7.29858859181061
5.40676662821992,7.32245976588952
5.42252979623222,7.28753236990638
5.43829296424452,7.30178186750326
5.45405613225683,7.33572158059799
5.46981930026913,7.34761623796915
5.48558246828143,7.34352380291966
5.50134563629373,7.39594939662901
5.51710880430604,7.41445784345835
5.53287197231834,7.28703024471162
5.54863514033064,7.32522881045403
5.56439830834295,7.23880935995207
5.58016147635525,7.23994128179251
5.59592464436755,7.3279220031068
5.61168781237985,7.40515856434446
5.62745098039216,7.36995757144537
5.64321414840446,7.32909137276105
5.65897731641676,7.36938087320541
5.67474048442907,7.34937982538294
5.69050365244137,7.28234357651816
5.70626682045367,7.32146604832504
5.72202998846598,7.31608971151485
5.73779315647828,7.36993112872033
5.75355632449058,7.31504389355345
5.76931949250288,7.30975830745754
5.78508266051519,7.42893383710368
5.80084582852749,7.40858748335159
5.81660899653979,7.3830171325072
5.8323721645521,7.37450263068352
5.8481353325644,7.36411866742707
5.8638985005767,7.42069653111473
5.87966166858901,7.34265207503941
5.89542483660131,7.34901175120307
5.91118800461361,7.4304363879237
5.92695117262591,7.4432393874059
5.94271434063822,7.38424133978464
5.95847750865052,7.47643042755183
5.97424067666282,7.48768455934789
5.99000384467513,7.4414680341388
6.00576701268743,7.33235212274484
6.02153018069973,7.35023359222985
6.03729334871203,7.33986606865517
6.05305651672434,7.40102011078892
6.06881968473664,7.37835309579764
6.08458285274894,7.36870433646583
6.10034602076125,7.3496603791291
6.11610918877355,7.37277768548113
6.13187235678585,7.39709589703442
6.14763552479816,7.32373447110854
6.16339869281046,7.39346280238056
6.17916186082276,7.49519811763386
6.19492502883506,7.47722474853479
6.21068819684737,7.43562599449149
6.22645136485967,7.40826521796249
6.24221453287197,7.42695760441069
6.25797770088428,7.38711892825733
6.27374086889658,7.3849680208074
6.28950403690888,7.42640245207391
6.30526720492119,7.49649828198762
6.32103037293349,7.45314883286873
6.33679354094579,7.38394866835467
6.35255670895809,7.42879518815456
6.3683198769704,7.44564246754932
6.3840830449827,7.47767568107146
6.399846212995,7.33093033334778
6.41560938100731,7.32506162120639
6.43137254901961,7.43485093936947
6.44713571703191,7.45484914253898
6.46289888504421,7.43507887641551
6.47866205305652,7.46253841407179
6.49442522106882,7.42568410499364
6.51018838908112,7.47213308516268
6.52595155709343,7.40890763588806
6.54171472510573,7.40120965330412
6.55747789311803,7.45110957800407
6.57324106113034,7.36443630615852
6.58900422914264,7.40976956080757
6.60476739715494,7.43485872013943
6.62053056516724,7.47704056282264
6.63629373317955,7.35902054533416
6.65205690119185,7.41549171641773
6.66782006920415,7.45470191488732
6.68358323721646,7.41832180698578
6.69934640522876,7.42996789724516
6.71510957324106,7.43557662140551
6.73087274125337,7.42039193393926
6.74663590926567,7.36837203895456
6.76239907727797,7.30778173261046
6.77816224529027,7.40974530733149
6.79392541330258,7.40892466029503
6.80968858131488,7.45210469935157
6.82545174932718,7.42954972657748
6.84121491733949,7.31076743529235
6.85697808535179,7.41666680031693
6.87274125336409,7.44166994126355
6.88850442137639,7.45398691543999
6.9042675893887,7.47287695327258
6.920030757401,7.37413762187365
6.9357939254133,7.44814348057434
6.95155709342561,7.44650916247429
6.96732026143791,7.46885165900929
6.98308342945021,7.46084398735542
6.99884659746252,7.48793559580636
7.01460976547482,7.50818829074469
7.03037293348712,7.50273562685307
7.04613610149942,7.43355037787712
7.06189926951173,7.4570362302839
7.07766243752403,7.3845574699819
7.09342560553633,7.48482348484793
7.10918877354864,7.46265299287293
7.12495194156094,7.46962662237262
7.14071510957324,7.493802425253
7.15647827758554,7.49691763066087
7.17224144559785,7.40105512839805
7.18800461361015,7.43751788663696
7.20376778162245,7.4970943998269
7.21953094963476,7.39529947800808
7.23529411764706,7.43951526630682
7.25105728565936,7.44815854462879
7.26682045367167,7.47666791521598
7.28258362168397,7.28008286419331
7.29834678969627,7.26653828814231
7.31410995770857,7.39287929801293
7.32987312572088,7.32816030517333
7.34563629373318,7.30331801131929
7.36139946174548,7.33624066230804
7.37716262975779,7.31434983885394
7.39292579777009,7.39918977561098
7.40868896578239,7.37020247695435
7.4244521337947,7.32289605566877
7.440215301807,7.30549170369455
7.4559784698193,7.29048908022364
7.4717416378316,7.36989580119475
7.48750480584391,7.30502576896903
7.50326797385621,7.37288924244673
7.51903114186851,7.37497260500248
7.53479430988082,7.31472842374461
7.55055747789312,7.28364012298392
7.56632064590542,7.25485605700654
7.58208381391773,7.25367738039866
7.59784698193003,7.28920473011497
7.61361014994233,7.29876367381541
7.62937331795463,7.2904610705843
7.64513648596694,7.23451114455649
7.66089965397924,7.25272647862286
7.67666282199154,7.33967639177941
7.69242599000385,7.34400930531096
7.70818915801615,7.36785325744685
7.72395232602845,7.29297631383407
7.73971549404075,7.34801849033134
7.75547866205306,7.37865835814059
7.77124183006536,7.34228220087359
7.78700499807766,7.35258137740705
7.80276816608997,7.42492988561854
7.81853133410227,7.38228771516565
7.83429450211457,7.30691263193273
7.85005767012688,7.37360402978304
7.86582083813918,7.29192650135108
7.88158400615148,7.32044735286946
7.89734717416378,7.32487483103635
7.91311034217609,7.36412990472035
7.92887351018839,7.33283946630348
7.94463667820069,7.38263304590107
7.960399846213,7.35294651974622
7.9761630142253,7.40801765946756
7.9919261822376,7.37085864460549
8.0076893502499,7.3449113012247
8.02345251826221,7.32220597663936
8.03921568627451,7.40377191701041
8.05497885428681,7.43058028164558
8.07074202229912,7.38920461016685
8.08650519031142,7.38102560906595
8.10226835832372,7.39919660242539
8.11803152633603,7.42946126912278
8.13379469434833,7.55039287789889
8.14955786236063,7.59189808719352
8.16532103037293,7.44020137910994
8.18108419838524,7.52950990232709
8.19684736639754,7.54221529548736
8.21261053440984,7.49505639120418
8.22837370242214,7.54421088064037
8.24413687043445,7.64893776880396
8.25990003844675,7.64529011082777
8.27566320645905,7.58981011439476
8.29142637447136,7.53428849337399
8.30718954248366,7.59109230412367
8.32295271049596,7.75604808373563
8.33871587850827,7.72152689148059
8.35447904652057,7.71189095780217
8.37024221453287,7.72449818748206
8.38600538254518,7.71462480665386
8.40176855055748,7.70889705743555
8.41753171856978,7.73005338050837
8.43329488658208,7.72647850081527
8.44905805459439,7.75498103713606
8.46482122260669,7.74679350811094
8.48058439061899,7.69809505862407
8.4963475586313,7.66787940414785
8.5121107266436,7.66863683381131
8.5278738946559,7.67902638507327
8.54363706266821,7.70880634567004
8.55940023068051,7.79163154326767
8.57516339869281,7.75535891060467
8.59092656670511,7.71217978262256
8.60668973471742,7.72412246979091
8.62245290272972,7.74352477125253
8.63821607074202,7.70413874862818
8.65397923875433,7.60899725995931
8.66974240676663,7.55758456282932
8.68550557477893,7.65488112970569
8.70126874279123,7.68284669540914
8.71703191080354,7.79278678505715
8.73279507881584,7.77395918709225
8.74855824682814,7.78142333992336
8.76432141484045,7.704666337041
8.78008458285275,7.69688965876851
8.79584775086505,7.78864316014007
8.81161091887735,7.78308608402191
8.82737408688966,7.78235400391565
8.84313725490196,7.80558907795716
8.85890042291426,7.68883051617871
8.87466359092657,7.70072928266424
8.89042675893887,7.78428268814412
8.90618992695117,7.75789718375559
8.92195309496348,7.71831525427324
8.93771626297578,7.73526302888355
8.95347943098808,7.71146165662043
8.96924259900038,7.65673888993169
8.98500576701269,7.671979945338
9.00076893502499,7.65862280063531
9.01653210303729,7.67469529106888
9.0322952710496,7.64339155197148
9.0480584390619,7.68252090741098
9.0638216070742,7.74631931289242
9.07958477508651,7.71491418554584
9.09534794309881,7.66520556470629
9.11111111111111,7.63004963876742
9.12687427912341,7.6970819864899
9.14263744713572,7.73648205458343
9.15840061514802,7.7665607768231
9.17416378316032,7.70872668937506
9.18992695117263,7.6827681395246
9.20569011918493,7.74670049619519
9.22145328719723,7.73335154114502
9.23721645520954,7.68486361628294
9.25297962322184,7.70452304909602
9.26874279123414,7.65211826689363
9.28450595924644,7.62114294261643
9.30026912725875,7.63848232886778
9.31603229527105,7.6251509654476
9.33179546328335,7.64554968120772
9.34755863129566,7.6614927993371
9.36332179930796,7.73039341544022
9.37908496732026,7.75626888122684
9.39484813533256,7.69630191552899
9.41061130334487,7.68525008416037
9.42637447135717,7.71633180444402
9.44213763936947,7.70972208862688
9.45790080738178,7.6800388751982
9.47366397539408,7.69928471545136
9.48942714340638,7.75885249030152
9.50519031141869,7.70163728274978
9.52095347943099,7.69082086658111
9.53671664744329,7.6097951355901
9.55247981545559,7.65988353275042
9.5682429834679,7.67397401091129
9.5840061514802,7.69042323828803
9.5997693194925,7.67351422018058
9.61553248750481,7.70014386578019
9.63129565551711,7.68125806602273
9.64705882352941,7.67260528934979
9.66282199154172,7.76416109300685
9.67858515955402,7.6993533951336
9.69434832756632,7.61936018281908
9.71011149557862,7.64225484127567
9.72587466359093,7.57928292867723
9.74163783160323,7.59819534287668
9.75740099961553,7.56794507252362
9.77316416762784,7.57651868725789
9.78892733564014,7.62760726423841
9.80469050365244,7.67740646066746
9.82045367166474,7.73023103062401
9.83621683967705,7.68841620405957
9.85198000768935,7.59060025869391
9.86774317570165,7.57429633636341
9.88350634371396,7.67213664255764
9.89926951172626,7.68242788095726
9.91503267973856,7.68049003139112
9.93079584775086,7.6852469595712
9.94655901576317,7.64567654463796
9.96232218377547,7.66986973341464
9.97808535178777,7.7182267045138
9.99384851980008,7.7020416279754
10.0096116878124,7.64712101361121
10.0253748558247,7.69841723868875
10.041138023837,7.660853957699
10.0569011918493,7.68811371405825
10.0726643598616,7.64716182310046
10.0884275278739,7.63099332104202
10.1041906958862,7.63169836694888
10.1199538638985,7.66153825836065
10.1357170319108,7.62683558900734
10.1514801999231,7.59790763971508
10.1672433679354,7.61518326385989
10.1830065359477,7.61971939949351
10.19876970396,7.63324388178819
10.2145328719723,7.66901728854461
10.2302960399846,7.67817992964177
10.2460592079969,7.70843858182703
10.2618223760092,7.61601304732278
10.2775855440215,7.5984409716864
10.2933487120338,7.58807306743697
10.3091118800461,7.66587597936574
10.3248750480584,7.62609745855574
10.3406382160707,7.59375415139436
10.356401384083,7.66905643530049
10.3721645520953,7.7338970077126
10.3879277201077,7.64509702988189
10.40369088812,7.59748114846873
10.4194540561323,7.58503023399869
10.4352172241446,7.66451096993485
10.4509803921569,7.55947380506623
10.4667435601692,7.60603183290379
10.4825067281815,7.5390053966849
10.4982698961938,7.57215200666267
10.5140330642061,7.45095504357236
10.5297962322184,7.58480594176231
10.5455594002307,7.57431438986
10.561322568243,7.61690775393462
10.5770857362553,7.53014656641171
10.5928489042676,7.59905560764655
10.6086120722799,7.52085800681273
10.6243752402922,7.52890944112047
10.6401384083045,7.5959818207077
10.6559015763168,7.5760308851672
10.6716647443291,7.5850548236958
10.6874279123414,7.58491009977416
10.7031910803537,7.5534525724127
10.718954248366,7.57097147872865
10.7347174163783,7.56615041873796
10.7504805843906,7.54958048452195
10.7662437524029,7.57674771838343
10.7820069204152,7.60375904373523
10.7977700884275,7.55303663309099
10.8135332564398,7.53480767234774
10.8292964244521,7.52904218674005
10.8450595924644,7.56305612474523
10.8608227604767,7.55935698605462
10.876585928489,7.58768323150077
10.8923490965013,7.58808486841245
10.9081122645136,7.6074298787773
10.923875432526,7.63691174644773
10.9396386005383,7.63781033592795
10.9554017685506,7.61598450195857
10.9711649365629,7.6415328471365
10.9869281045752,7.59972738508124
11.0026912725875,7.54751718864999
11.0184544405998,7.58842418547375
11.0342176086121,7.59154996118488
11.0499807766244,7.60266261255937
11.0657439446367,7.58107799167136
11.081507112649,7.61409112058346
11.0972702806613,7.60769908180044
11.1130334486736,7.56479773761299
11.1287966166859,7.49786845281356
11.1445597846982,7.54348466968906
11.1603229527105,7.53026288882005
11.1760861207228,7.55958421004363
11.1918492887351,7.57527623820877
11.2076124567474,7.57306174137165
11.2233756247597,7.58491291928375
11.239138792772,7.56854325945123
11.2549019607843,7.56405847913348
11.2706651287966,7.57417340677665
11.2864282968089,7.54831162377074
11.3021914648212,7.51118192504187
11.3179546328335,7.48763225898159
11.3337178008458,7.43959124218124
11.3494809688581,7.59475297175999
11.3652441368704,7.61542007910584
11.3810073048827,7.67817687428504
11.396770472895,7.61790365889235
11.4125336409073,7.57606062713676
11.4282968089196,7.58742539977907
11.4440599769319,7.63926044698862
11.4598231449443,7.59511572889329
11.4755863129566,7.56370806355911
11.4913494809689,7.59987188845249
11.5071126489812,7.6292288855152
11.5228758169935,7.63573999187515
11.5386389850058,7.62501284668501
11.5544021530181,7.56691714256299
11.5701653210304,7.56781716489128
11.5859284890427,7.56652559172634
11.601691657055,7.58900607570625
11.6174548250673,7.55926386442367
11.6332179930796,7.53129313262545
11.6489811610919,7.52730819424484
11.6647443291042,7.48840196179776
11.6805074971165,7.47894374419133
11.6962706651288,7.50302499452023
11.7120338331411,7.47633874034561
11.7277970011534,7.4648080838133
11.7435601691657,7.449645729967
11.759323337178,7.46687956630286
11.7750865051903,7.46687076940463
11.7908496732026,7.51164528059763
11.8066128412149,7.51181635440992
11.8223760092272,7.49911534772439
11.8381391772395,7.46926470999714
11.8539023452518,7.50342434320947
11.8696655132641,7.46026755698953
11.8854286812764,7.42695108843856
11.9011918492887,7.3959287496461
11.916955017301,7.42774390848435
11.9327181853133,7.40709227046463
11.9484813533256,7.43011861300298
11.9642445213379,7.471147141461
11.9800076893503,7.47218395871243
11.9957708573626,7.46435413122826
12.0115340253749,7.47783332586974
12.0272971933872,7.48100993381066
12.0430603613995,7.46909747783836
12.0588235294118,7.44389240358934
12.0745866974241,7.43866856527462
12.0903498654364,7.42454767505942
12.1061130334487,7.43173529302288
12.121876201461,7.46537426249894
12.1376393694733,7.43372730253877
12.1534025374856,7.42996188423913
12.1691657054979,7.38757681722167
12.1849288735102,7.4031465757728
12.2006920415225,7.41743349303574
12.2164552095348,7.43057033193033
12.2322183775471,7.45123978360458
12.2479815455594,7.38398713065804
12.2637447135717,7.40674493112584
12.279507881584,7.42900665598666
12.2952710495963,7.40326667469784
12.3110342176086,7.28064185362861
12.3267973856209,7.29293909359762
12.3425605536332,7.34472252794678
12.3583237216455,7.41520834828199
12.3740868896578,7.39600577232627
12.3898500576701,7.36242004074478
12.4056132256824,7.35526602557084
12.4213763936947,7.41339983042036
12.437139561707,7.35599531883719
12.4529027297193,7.26846434956478
12.4686658977316,7.33876724137144
12.4844290657439,7.36783578672064
12.5001922337562,7.33247669039852
12.5159554017686,NA
12.5317185697809,NA
12.5474817377932,NA
12.5632449058055,NA
12.5790080738178,NA
12.5947712418301,NA
12.6105344098424,NA
12.6262975778547,NA
12.642060745867,NA
12.6578239138793,NA
12.6735870818916,NA
12.6893502499039,NA
12.7051134179162,NA
12.7208765859285,NA
12.7366397539408,NA
12.7524029219531,NA
12.7681660899654,NA
12.7839292579777,NA
12.79969242599,NA
12.8154555940023,NA
12.8312187620146,NA
12.8469819300269,NA
12.8627450980392,NA
12.8785082660515,NA
12.8942714340638,NA
12.9100346020761,NA
12.9257977700884,NA
12.9415609381007,NA
12.957324106113,NA
12.9730872741253,NA
12.9888504421376,NA
13.0046136101499,NA
13.0203767781622,NA
13.0361399461745,NA
13.0519031141869,NA
13.0676662821992,NA
13.0834294502115,NA
13.0991926182238,NA
13.1149557862361,NA
13.1307189542484,NA
13.1464821222607,NA
13.162245290273,NA
13.1780084582853,NA
13.1937716262976,NA
13.2095347943099,NA
13.2252979623222,NA
13.2410611303345,NA
13.2568242983468,NA
13.2725874663591,NA
13.2883506343714,NA
13.3041138023837,NA
13.319876970396,NA
13.3356401384083,NA
13.3514033064206,NA
13.3671664744329,NA
13.3829296424452,NA
13.3986928104575,NA
13.4144559784698,NA
13.4302191464821,NA
13.4459823144944,NA
13.4617454825067,NA
13.477508650519,NA
13.4932718185313,NA
13.5090349865436,NA
13.5247981545559,NA
13.5405613225682,NA
13.5563244905805,NA
13.5720876585928,NA
13.5878508266052,NA
13.6036139946175,NA
13.6193771626298,NA
13.6351403306421,NA
13.6509034986544,NA
13.6666666666667,NA
13.682429834679,NA
13.6981930026913,NA
13.7139561707036,NA
13.7297193387159,NA
13.7454825067282,NA
13.7612456747405,NA
13.7770088427528,NA
13.7927720107651,NA
13.8085351787774,NA
13.8242983467897,NA
13.840061514802,NA
13.8558246828143,NA
13.8715878508266,NA
13.8873510188389,NA
13.9031141868512,NA
13.9188773548635,NA
13.9346405228758,NA
13.9504036908881,NA
13.9661668589004,NA
13.9819300269127,NA
13.997693194925,NA
14.0134563629373,NA
14.0292195309496,NA
14.0449826989619,NA
14.0607458669742,NA
14.0765090349865,NA
14.0922722029988,NA
14.1080353710111,NA
14.1237985390235,NA
14.1395617070358,NA
14.1553248750481,NA
14.1710880430604,NA
14.1868512110727,NA
14.202614379085,NA
14.2183775470973,NA
14.2341407151096,NA
14.2499038831219,NA
14.2656670511342,NA
14.2814302191465,NA
14.2971933871588,NA
14.3129565551711,NA
14.3287197231834,NA
14.3444828911957,NA
14.360246059208,7.19212645166839
14.3760092272203,7.21442901614652
14.3917723952326,7.18546490425817
14.4075355632449,7.19694213040754
14.4232987312572,7.18763229313461
14.4390618992695,7.25906366669351
14.4548250672818,7.24348260802083
14.4705882352941,7.20266605312635
14.4863514033064,7.15058805384517
14.5021145713187,7.1332656262492
14.517877739331,7.11433879794865
14.5336409073433,7.13216573711169
14.5494040753556,7.16759006669755
14.5651672433679,7.22159928260488
14.5809304113802,7.16729593222279
14.5966935793925,7.13474733063973
14.6124567474048,7.1420999037504
14.6282199154171,7.11284095443179
14.6439830834295,7.12412532510264
14.6597462514418,7.16960323879337
14.6755094194541,7.10862655940931
14.6912725874664,7.08064058139003
14.7070357554787,7.05890393939851
14.722798923491,7.07760494486671
14.7385620915033,7.08481492908488
14.7543252595156,7.10761863970725
14.7700884275279,7.0804612304077
14.7858515955402,7.09879123281256
14.8016147635525,7.14403111522697
14.8173779315648,7.14405949590087
14.8331410995771,7.08133949771386
14.8489042675894,7.07533261668244
14.8646674356017,7.05302244967646
14.880430603614,6.96360229877912
14.8961937716263,6.91825366983336
14.9119569396386,6.97434994131951
14.9277201076509,6.95041166701095
14.9434832756632,6.98754309672589
14.9592464436755,6.90583143501521
14.9750096116878,6.86268415891459
14.9907727797001,6.90541557280155
15.0065359477124,6.91928010172162
15.0222991157247,6.91340894896528
15.038062283737,6.85427777160984
15.0538254517493,6.81936708660585
15.0695886197616,6.8812727597598
15.0853517877739,6.86600534764567
15.1011149557862,6.91503556622864
15.1168781237985,6.91329575476585
15.1326412918108,6.93166947768407
15.1484044598231,6.89926602348377
15.1641676278354,6.8569872720494
15.1799307958478,6.85495414381587
15.1956939638601,6.9782365182321
15.2114571318724,6.91226579779873
15.2272202998847,6.96091032393611
15.242983467897,6.95908194215589
15.2587466359093,6.8971241031614
15.2745098039216,6.77502128056548
15.2902729719339,6.81660353483621
15.3060361399462,6.86212647299939
15.3217993079585,6.88579272044172
15.3375624759708,6.90091785207218
15.3533256439831,6.83691518114683
15.3690888119954,6.8343739486159
15.3848519800077,6.88413321875728
15.40061514802,6.95720254857345
15.4163783160323,6.92255441509972
15.4321414840446,6.87904205259631
15.4479046520569,6.90077357489072
15.4636678200692,6.90503129481387
15.4794309880815,6.92137911472775
15.4951941560938,6.8315680727027
15.5109573241061,6.91546609004605
15.5267204921184,6.95450630396138
15.5424836601307,6.98963868342151
15.558246828143,6.90407984647692
15.5740099961553,6.8573796120952
15.5897731641676,6.84965118237994
15.6055363321799,6.90504202865514
15.6212995001922,6.87862031936804
15.6370626682045,6.820430072092
15.6528258362168,6.81326462755103
15.6685890042291,6.7596133660686
15.6843521722414,6.71492118098048
15.7001153402537,6.68970892857365
15.7158785082661,6.76221422484589
15.7316416762784,6.69620517793209
15.7474048442907,6.63517630633071
15.763168012303,6.6166421889208
15.7789311803153,6.59104234527029
15.7946943483276,6.59302039319335
15.8104575163399,6.58784175601858
15.8262206843522,6.52545575126657
15.8419838523645,6.46468253306502
15.8577470203768,6.53572573712706
15.8735101883891,6.5462801608261
15.8892733564014,6.54205905658787
15.9050365244137,6.4896688920768
15.920799692426,6.47782255992466
15.9365628604383,6.47269184971617
15.9523260284506,6.470811038812
15.9680891964629,6.41313369674782
15.9838523644752,6.35743672021107
15.9996155324875,6.33985251564283
16.0153787004998,6.37108916647943
16.0311418685121,6.38476761056095
16.0469050365244,6.30151882061563
16.0626682045367,6.28062827256963
16.078431372549,6.32881830776474
16.0941945405613,6.29163757481634
16.1099577085736,6.28505025009264
16.1257208765859,6.34109863825041
16.1414840445982,6.30481704010101
16.1572472126105,6.1893439456501
16.1730103806228,6.13483136943601
16.1887735486351,6.24726565277834
16.2045367166474,6.20836906653612
16.2202998846597,6.18632120432758
16.2360630526721,6.07270884169316
16.2518262206844,6.08897208843581
16.2675893886967,6.08751069122559
16.283352556709,6.05031121565092
16.2991157247213,6.05315749855609
16.3148788927336,6.05715054008387
16.3306420607459,6.03638248226161
16.3464052287582,6.06273861705939
16.3621683967705,6.10764741344278
16.3779315647828,6.02075012697176
16.3936947327951,6.02371972513668
16.4094579008074,6.05482827750036
16.4252210688197,6.01263046644362
16.440984236832,6.01160190429756
16.4567474048443,6.06673010533703
16.4725105728566,6.03650417755865
16.4882737408689,6.02691174887812
16.5040369088812,6.04597317013966
16.5198000768935,6.12003188404872
16.5355632449058,6.06679681942733
16.5513264129181,5.99135471457258
16.5670895809304,6.02025654271705
16.5828527489427,6.06839145642253
16.598615916955,6.03884178001662
16.6143790849673,6.049091419632
16.6301422529796,5.99980017637742
16.6459054209919,6.02779570788887
16.6616685890042,5.99657779334554
16.6774317570165,6.06405242150426
16.6931949250288,6.07660951153335
16.7089580930411,6.06536347122064
16.7247212610534,6.01687701905032
16.7404844290657,6.02850616075428
16.756247597078,6.04098476386813
16.7720107650904,6.09348768993799
16.7877739331027,6.08441010241001
16.803537101115,6.06434464546478
16.8193002691273,6.04841371706428
16.8350634371396,5.99261255833143
16.8508266051519,6.04057869005543
16.8665897731642,6.12089716669322
16.8823529411765,6.08951005375886
16.8981161091888,6.12301068067359
16.9138792772011,6.10014959661066
16.9296424452134,6.03532014825933
16.9454056132257,6.00590390623687
16.961168781238,6.05097460132132
16.9769319492503,6.09531217112552
16.9926951172626,6.06310702244417
17.0084582852749,6.07372064544666
17.0242214532872,6.07472564787559
17.0399846212995,6.02517750522371
17.0557477893118,5.99520823639013
17.0715109573241,5.97386946272307
17.0872741253364,6.02997724915368
17.1030372933487,6.05344552205942
17.118800461361,6.00877134970083
17.1345636293733,5.98021886655868
17.1503267973856,5.97853122484643
17.1660899653979,5.98691596283649
17.1818531334102,5.96747371171555
17.1976163014225,5.97975166212156
17.2133794694348,6.00006586682467
17.2291426374471,5.95149007641807
17.2449058054594,5.97130649019264
17.2606689734717,5.97748137046802
17.276432141484,6.04339435572877
17.2921953094963,6.01141904148891
17.3079584775087,6.02616443953884
17.323721645521,6.06648510841436
17.3394848135333,5.96370837218323
17.3552479815456,5.99780702215604
17.3710111495579,6.06752353340333
17.3867743175702,6.0725792561297
17.4025374855825,5.97976539140537
17.4183006535948,5.92852953863934
17.4340638216071,5.95262514653272
17.4498269896194,5.97526439263306
17.4655901576317,5.94158410884556
17.481353325644,5.95599033157026
17.4971164936563,5.95944395284544
17.5128796616686,5.94640380916654
17.5286428296809,5.92416712608296
17.5444059976932,5.84119910401964
17.5601691657055,5.88066217551185
17.5759323337178,5.95417775081796
17.5916955017301,5.972154904912
17.6074586697424,5.92412623722832
17.6232218377547,5.89045460489928
17.638985005767,5.93754054440789
17.6547481737793,5.91788353153889
17.6705113417916,5.88719833992784
17.6862745098039,5.88737935711561
17.7020376778162,5.87840755562947
17.7178008458285,5.93058424385484
17.7335640138408,5.88102447125343
17.7493271818531,5.86741054361404
17.7650903498654,5.80316779101975
17.7808535178777,5.82602688406848
17.79661668589,5.77096294119908
17.8123798539023,5.73216919715613
17.8281430219146,5.80197822520908
17.843906189927,5.87789478622083
17.8596693579393,5.82415933576199
17.8754325259516,5.85728078875771
17.8911956939639,5.88404714988974
17.9069588619762,5.90581646025874
17.9227220299885,5.85917865245526
17.9384851980008,5.82384865791004
17.9542483660131,5.85258889005689
17.9700115340254,5.86624216706504
17.9857747020377,5.85523091522912
18.00153787005,5.8432678640862
18.0173010380623,5.82062783576834
18.0330642060746,5.8006984961892
18.0488273740869,5.78821727632661
18.0645905420992,5.79924039745521
18.0803537101115,5.80887399209677
18.0961168781238,5.84908498305585
18.1118800461361,5.83635172738325
18.1276432141484,5.81362116421057
18.1434063821607,5.78734478546562
18.159169550173,5.81232567118759
18.1749327181853,5.85375655661144
18.1906958861976,5.84676097350134
18.2064590542099,5.84989590243286
18.2222222222222,5.79977891359917
18.2379853902345,5.84208050639426
18.2537485582468,5.88458838243206
18.2695117262591,5.83640591005962
18.2852748942714,5.79904155987127
18.3010380622837,5.77064540829729
18.316801230296,5.78472368721382
18.3325643983083,5.86920039204635
18.3483275663206,5.81927293400543
18.364090734333,5.81415539549231
18.3798539023453,5.82176500729777
18.3956170703576,5.79055933018163
18.4113802383699,5.84341243145299
18.4271434063822,5.7775234840461
18.4429065743945,5.78992700416954
18.4586697424068,5.78088306578308
18.4744329104191,5.8008738454936
18.4901960784314,5.7530117184079
18.5059592464437,5.78041415256875
18.521722414456,5.75830437376474
18.5374855824683,5.7812372286861
18.5532487504806,5.75815279094949
18.5690119184929,5.75503448521241
18.5847750865052,5.78429061673301
18.6005382545175,5.76018297412354
18.6163014225298,5.76021242616714
18.6320645905421,5.82014973712871
18.6478277585544,5.82753981673222
18.6635909265667,5.83649222862291
18.679354094579,5.7929355063618
18.6951172625913,5.74513207864396
18.7108804306036,5.74184491310978
18.7266435986159,5.69240180671923
18.7424067666282,5.74041960047972
18.7581699346405,5.83608948925381
18.7739331026528,5.83009255872147
18.7896962706651,5.71928866532291
18.8054594386774,5.73177783964065
18.8212226066897,5.7714448492083
18.836985774702,5.76103824782593
18.8527489427143,5.75201229895051
18.8685121107266,5.76775534166108
18.8842752787389,5.77912853201738
18.9000384467512,5.80028439881189
18.9158016147636,5.81085033469006
18.9315647827759,5.78318873977657
18.9473279507882,5.761787241372
18.9630911188005,5.76347422389301
18.9788542868128,5.67296741992471
18.9946174548251,5.62147585264082
19.0103806228374,5.67108312155941
19.0261437908497,5.69936313526973
19.041906958862,5.74437414918913
19.0576701268743,5.71881942467393
19.0734332948866,5.76119155113926
19.0891964628989,5.75444545874471
19.1049596309112,5.72951192745912
19.1207227989235,5.66296297428972
19.1364859669358,5.67934974536756
19.1522491349481,5.72987795241335
19.1680123029604,5.65188294258019
19.1837754709727,5.56761907286533
19.199538638985,5.57204538415586
19.2153018069973,5.61413837625234
19.2310649750096,5.64506101569971
19.2468281430219,5.61692614379043
19.2625913110342,5.64081781772167
19.2783544790465,5.58875291128396
19.2941176470588,5.68881451536329
19.3098808150711,5.69076166646988
19.3256439830834,5.66121278857708
19.3414071510957,5.62938147991407
19.357170319108,5.6658962701575
19.3729334871203,5.66104698764409
19.3886966551326,5.59731764719073
19.4044598231449,5.55577042803447
19.4202229911572,5.62406736728923
19.4359861591696,5.58773662423481
19.4517493271819,5.56919641461074
19.4675124951942,5.5603229098222
19.4832756632065,5.60997760153597
19.4990388312188,5.64688956267309
19.5148019992311,5.60502368913894
19.5305651672434,5.52424825614847
19.5463283352557,5.61306789174199
19.562091503268,5.59976516027611
19.5778546712803,5.59575764881392
19.5936178392926,5.54816982192685
19.6093810073049,5.490246942739
19.6251441753172,5.50955019328435
19.6409073433295,5.49949164433988
19.6566705113418,5.49933906442145
19.6724336793541,5.52235472389564
19.6881968473664,5.52236617338463
19.7039600153787,5.42263822929195
19.719723183391,5.44063748571651
19.7354863514033,5.45218659490735
19.7512495194156,5.45287147147679
19.7670126874279,5.42600449311722
19.7827758554402,5.37520596135453
19.7985390234525,5.37007211981387
19.8143021914648,5.39832860421032
19.8300653594771,5.32741785903216
19.8458285274894,5.28640094291119
19.8615916955017,5.35005561053502
19.877354863514,5.34991068375205
19.8931180315263,5.35205206038681
19.9088811995386,5.33889171871374
19.9246443675509,5.36703922147056
19.9404075355632,5.36649469395897
19.9561707035755,5.40527723126912
19.9719338715879,5.42526760321711
19.9876970396002,5.41288483875546
20.0034602076125,5.38457794597757
20.0192233756248,5.34200098022661
20.0349865436371,5.3136061386569
20.0507497116494,5.33328285680945
20.0665128796617,5.34153086859849
20.082276047674,5.317202036912
20.0980392156863,5.30889605127402
20.1138023836986,5.29226260293161
20.1295655517109,5.22168461528912
20.1453287197232,5.18351076703669
20.1610918877355,5.14659107239164
20.1768550557478,5.14509912169021
20.1926182237601,5.11758554060315
20.2083813917724,5.12574302784859
20.2241445597847,5.06686128125083
20.239907727797,5.05878472196347
20.2556708958093,5.07004220994069
20.2714340638216,5.10681573651377
20.2871972318339,5.021188568665
20.3029603998462,4.99501729011765
20.3187235678585,5.03346087990635
20.3344867358708,5.03504165254203
20.3502499038831,4.98367954102129
20.3660130718954,4.92287538674624
20.3817762399077,4.91495443147442
20.39753940792,4.91448480358099
20.4133025759323,4.93123673221032
20.4290657439446,4.98371413383846
20.4448289119569,4.99375917212604
20.4605920799692,5.01316792526201
20.4763552479815,5.00016924968787
20.4921184159939,4.96081893487686
20.5078815840062,4.93117251417637
20.5236447520185,4.98968402973942
20.5394079200308,4.92707845889633
20.5551710880431,4.87828606484111
20.5709342560554,4.88157532605106
20.5866974240677,4.86820686270379
20.60246059208,4.91806714591207
20.6182237600923,4.93108202704698
20.6339869281046,4.9467735548735
20.6497500961169,4.87401167168342
20.6655132641292,4.90240739292222
20.6812764321415,4.90402284898085
20.6970396001538,4.85962847678034
20.7128027681661,4.91863346541631
20.7285659361784,4.96666404700116
20.7443291041907,4.92386056909647
20.760092272203,4.87910175713434
20.7758554402153,4.95670748558481
20.7916186082276,4.89147622984629
20.8073817762399,4.89856193208087
20.8231449442522,4.90628266739153
20.8389081122645,4.89721768801633
20.8546712802768,4.85702520601109
20.8704344482891,4.89718110941552
20.8861976163014,4.90803331592285
20.9019607843137,4.92528129863202
20.917723952326,4.93276991516283
20.9334871203383,4.93558690642548
20.9492502883506,4.91958030169496
20.9650134563629,4.94316658707794
20.9807766243752,4.95625090338345
20.9965397923875,4.9489661212003
21.0123029603998,4.93418967552013
21.0280661284121,4.91004520003767
21.0438292964245,4.86430680506879
21.0595924644368,4.85179132808777
21.0753556324491,4.88096482046723
21.0911188004614,4.84318518240535
21.1068819684737,4.91111178700205
21.122645136486,4.92498115242066
21.1384083044983,4.88802907847003
21.1541714725106,4.88132140553587
21.1699346405229,4.85615069737338
21.1856978085352,4.85956857699712
21.2014609765475,4.82776474361691
21.2172241445598,4.857213712999
21.2329873125721,4.84879641055162
21.2487504805844,4.85705156143873
21.2645136485967,4.83275479876585
21.280276816609,4.84549598152799
21.2960399846213,4.87620031265469
21.3118031526336,4.91224545784292
21.3275663206459,4.91165440825276
21.3433294886582,4.9555486752689
21.3590926566705,4.97424742707242
21.3748558246828,4.90838398110321
21.3906189926951,4.89192621254545
21.4063821607074,4.9135981531282
21.4221453287197,4.93517485746053
21.437908496732,4.93893252447319
21.4536716647443,4.91608020121529
21.4694348327566,4.88525582659452
21.4851980007689,4.87657345507661
21.5009611687812,4.85644743106362
21.5167243367935,4.96014393087094
21.5324875048058,4.96869970056926
21.5482506728181,4.89828607909522
21.5640138408305,4.90531743649773
21.5797770088428,4.89091183531466
21.5955401768551,4.89929485659882
21.6113033448674,4.9284951921107
21.6270665128797,4.95859927631462
21.642829680892,4.96914946412687
21.6585928489043,4.94715002984594
21.6743560169166,4.95657452166835
21.6901191849289,5.01366210022976
21.7058823529412,5.01661058618437
21.7216455209535,5.05473433198373
21.7374086889658,5.03860943092381
21.7531718569781,5.02697504161688
21.7689350249904,5.03439008638376
21.7846981930027,5.0388537458775
21.800461361015,5.0221490781033
21.8162245290273,4.95277405113603
21.8319876970396,4.95363504828382
21.8477508650519,4.9478384330725
21.8635140330642,4.95492068441493
21.8792772010765,4.93738407448469
21.8950403690888,4.97623431209061
21.9108035371011,4.94140640157883
21.9265667051134,4.97499153265896
21.9423298731257,5.01979055427308
21.958093041138,5.09394291880738
21.9738562091503,5.07071742897334
21.9896193771626,5.03272636683231
22.0053825451749,5.03245010541661
22.0211457131872,5.01513504621841
22.0369088811995,5.04414166330867
22.0526720492118,5.07573676913956
22.0684352172241,5.01802027411096
22.0841983852364,4.94810485305864
22.0999615532488,4.90647811660035
22.1157247212611,4.98501913113452
22.1314878892734,4.96374370928508
22.1472510572857,4.95611184551313
22.163014225298,4.96352492254423
22.1787773933103,4.9449116492514
22.1945405613226,4.92875106052454
22.2103037293349,4.82157615041964
22.2260668973472,4.87503202212129
22.2418300653595,4.91781982419552
22.2575932333718,4.90021020961524
22.2733564013841,4.9249938143648
22.2891195693964,4.9195198910991
22.3048827374087,4.81777463813892
22.320645905421,4.87026915509064
22.3364090734333,4.9525099922234
22.3521722414456,4.97643100842026
22.3679354094579,4.92874781600341
22.3836985774702,4.932840694368
22.3994617454825,4.93506770350183
22.4152249134948,4.91088514330925
22.4309880815071,4.95507697773111
22.4467512495194,4.96623740617596
22.4625144175317,4.971576526403
22.478277585544,5.02029695490672
22.4940407535563,5.02453143411109
22.5098039215686,4.97033296306876
22.5255670895809,4.94012522700548
22.5413302575932,4.90960113841693
22.5570934256055,4.94876456278618
22.5728565936178,5.0266545564145
22.5886197616301,5.0300285776358
22.6043829296424,5.04455715356035
22.6201460976548,5.01468300146823
22.6359092656671,5.03818276729632
22.6516724336794,5.00613295721882
22.6674356016917,4.96901230265477
22.683198769704,4.96634481264677
22.6989619377163,5.05852447626732
22.7147251057286,5.05823281685834
22.7304882737409,4.985297200526
22.7462514417532,4.96834244894637
22.7620146097655,5.02146728294673
22.7777777777778,4.9402567746399
22.7935409457901,4.87179902482908
22.8093041138024,4.87107173908061
22.8250672818147,4.96725355676884
22.840830449827,4.95951383807272
22.8565936178393,4.95234384699367
22.8723567858516,4.95205054812676
22.8881199538639,4.99252140618535
22.9038831218762,4.88756722762409
22.9196462898885,4.83764670298626
22.9354094579008,4.81558096723658
22.9511726259131,4.83721588302364
22.9669357939254,4.8820201737605
22.9826989619377,4.90491275271318
22.99846212995,4.8414028972429
23.0142252979623,4.85384848232316
23.0299884659746,4.83777022776658
23.0457516339869,4.79647923480209
23.0615148019992,4.78597243808439
23.0772779700115,4.85467130900615
23.0930411380238,4.83650246069608
23.1088043060361,4.87571961315967
23.1245674740484,4.80669219404889
23.1403306420607,4.74003678982798
23.156093810073,4.78932088586096
23.1718569780854,4.82514615274894
23.1876201460977,4.73837379947996
23.20338331411,4.78464110905154
23.2191464821223,4.79011344440214
23.2349096501346,4.79422943281819
23.2506728181469,4.77449140752057
23.2664359861592,4.79284782457808
23.2821991541715,4.73919809368664
23.2979623221838,4.69280071081779
23.3137254901961,4.67457346413511
23.3294886582084,4.68565909350909
23.3452518262207,4.71492185832515
23.361014994233,4.71575004371178
23.3767781622453,4.72208212444446
23.3925413302576,4.75389011037286
23.4083044982699,4.69947318365785
23.4240676662822,4.69322790086566
23.4398308342945,4.61780035381294
23.4555940023068,4.61014313122297
23.4713571703191,4.65119459181694
23.4871203383314,4.68829301325489
23.5028835063437,4.666100472727
23.518646674356,4.64616770374773
23.5344098423683,4.62931726229186
23.5501730103806,4.68475529301533
23.5659361783929,4.6829065319662
23.5816993464052,4.70499821324394
23.5974625144175,4.7295302270248
23.6132256824298,4.75811512298336
23.6289888504421,4.70159729264292
23.6447520184544,4.70853702858207
23.6605151864667,4.62114228225695
23.676278354479,4.62377945178032
23.6920415224914,4.69899126321671
23.7078046905037,4.72308319522516
23.723567858516,4.62156350154569
23.7393310265283,4.59655639562975
23.7550941945406,4.6368346529679
23.7708573625529,4.6438978852359
23.7866205305652,4.59961095181993
23.8023836985775,4.58066424128681
23.8181468665898,4.57464026713311
23.8339100346021,4.58550368830429
23.8496732026144,4.62342305352152
23.8654363706267,4.62762334052479
23.881199538639,4.61830097418601
23.8969627066513,4.64298556261105
23.9127258746636,4.5742123629957
23.9284890426759,4.55747600145757
23.9442522106882,4.53190081963607
23.9600153787005,4.45365196325966
23.9757785467128,4.4627653149599
23.9915417147251,4.49095423760572
24.0073048827374,4.50133033525692
24.0230680507497,4.47336488817789
24.038831218762,4.41462487684569
24.0545943867743,4.4407082726236
24.0703575547866,4.49293973623157
24.0861207227989,4.48036839993712
24.1018838908112,4.45204025269891
24.1176470588235,4.43334166288005
24.1334102268358,4.4165371224119
24.1491733948481,4.45435812580663
24.1649365628604,4.44781918102736
24.1806997308727,4.42708905958368
24.196462898885,4.40505365715062
24.2122260668973,4.42913139021339
24.2279892349097,4.41928900582283
24.243752402922,4.35437385797031
24.2595155709343,4.3244202236327
24.2752787389466,4.34126393268929
24.2910419069589,4.33706398446092
24.3068050749712,4.35634409981669
24.3225682429835,4.32077464622784
24.3383314109958,4.36385141688363
24.3540945790081,4.39300956011334
24.3698577470204,4.36088134631451
24.3856209150327,4.29089828079729
24.401384083045,4.28596272578109
24.4171472510573,4.29808152540354
24.4329104190696,4.29211632072548
24.4486735870819,4.28446246483701
24.4644367550942,4.31689205273073
24.4801999231065,4.26449632248214
24.4959630911188,4.27023320721217
24.5117262591311,4.26986620569768
24.5274894271434,4.28302807605541
24.5432525951557,4.33518652139864
24.559015763168,4.33243165590062
24.5747789311803,4.30188704007815
24.5905420991926,4.3225855891075
24.6063052672049,4.29160750345287
24.6220684352172,4.27468007275277
24.6378316032295,4.24188598273543
24.6535947712418,4.28471673682406
24.6693579392541,4.26368816427022
24.6851211072664,4.27107341440747
24.7008842752787,4.25758684260278
24.716647443291,4.2693324043661
24.7324106113033,4.27641378827773
24.7481737793156,4.24979671253664
24.763936947328,4.22105342204407
24.7797001153403,4.23830811818386
24.7954632833526,4.17703559372595
24.8112264513649,4.1574628209276
24.8269896193772,4.21155776970699
24.8427527873895,4.23861965144338
24.8585159554018,4.24318541313053
24.8742791234141,4.26638313862633
24.8900422914264,4.25984255718228
24.9058054594387,4.21744415020312
24.921568627451,4.18830112094342
24.9373317954633,4.13670651393947
24.9530949634756,4.15693311702863
24.9688581314879,4.17851071250408
24.9846212995002,4.14626134355055
25.0003844675125,4.12044628736176
25.0161476355248,4.1426328708324
25.0319108035371,4.16090706592783
25.0476739715494,4.17383446909072
25.0634371395617,4.15843900425013
25.079200307574,4.15076192208793
25.0949634755863,4.1313472177652
25.1107266435986,4.11458155156804
25.1264898116109,4.12353875159063
25.1422529796232,4.15748544245038
25.1580161476355,4.14123185818516
25.1737793156478,4.11751313938426
25.1895424836601,4.11783864811895
25.2053056516724,4.13580258992603
25.2210688196847,4.13888391379206
25.236831987697,4.10827328746831
25.2525951557093,4.06602398052626
25.2683583237216,4.03649496607326
25.2841214917339,4.12198039356994
25.2998846597463,4.06957614992674
25.3156478277586,4.02972722731409
25.3314109957709,4.08217392064345
25.3471741637832,4.09722207881137
25.3629373317955,4.04968247334064
25.3787004998078,4.04006554640396
25.3944636678201,4.05953585853513
25.4102268358324,4.05845439338581
25.4259900038447,3.97645736209257
25.441753171857,3.99856955396629
25.4575163398693,4.01332445847672
25.4732795078816,4.00687045133544
25.4890426758939,4.04006569932405
25.5048058439062,3.97531444577658
25.5205690119185,4.00880704752281
25.5363321799308,4.04467778387426
25.5520953479431,4.00213026873334
25.5678585159554,4.02017653831737
25.5836216839677,4.02867231884801
25.59938485198,4.00739897937481
25.6151480199923,3.96492089027803
25.6309111880046,3.93962213028466
25.6466743560169,3.9741174750118
25.6624375240292,3.99834233721283
25.6782006920415,4.02350060987519
25.6939638600538,3.948812202162
25.7097270280661,3.93490603793981
25.7254901960784,3.94009170150433
25.7412533640907,3.90883802903464
25.757016532103,3.89347629266003
25.7727797001153,3.85956441828041
25.7885428681276,3.85708568837556
25.8043060361399,3.8835385170196
25.8200692041523,3.85408089766687
25.8358323721646,3.82776515895964
25.8515955401769,3.80187649877312
25.8673587081892,3.82554760388685
25.8831218762015,3.80217972067112
25.8988850442138,3.79548262471055
25.9146482122261,3.7779865894637
25.9304113802384,3.78490184285124
25.9461745482507,3.77230903422164
25.961937716263,3.74233470734643
25.9777008842753,3.73534652257199
25.9934640522876,3.74220224038066
26.0092272202999,3.77891123182213
26.0249903883122,3.74523559696455
26.0407535563245,3.72297763335525
26.0565167243368,3.71825509158895
26.0722798923491,3.69166795691014
26.0880430603614,3.70091869507154
26.1038062283737,3.72011597666025
26.119569396386,3.71119453650295
26.1353325643983,3.69386089126064
26.1510957324106,3.6522106181634
26.1668589004229,3.63222603544205
26.1826220684352,3.64089071357284
26.1983852364475,3.66819793095755
26.2141484044598,3.69560601655659
26.2299115724721,3.69170391122808
26.2456747404844,3.69369930068341
26.2614379084967,3.69391726151056
26.277201076509,3.65491593134351
26.2929642445213,3.66638145924305
26.3087274125336,3.61302616262475
26.3244905805459,3.56601615549109
26.3402537485582,3.56715620670869
26.3560169165706,3.57058806831896
26.3717800845829,3.53324986741107
26.3875432525952,3.56438023819082
26.4033064206075,3.54124692776972
26.4190695886198,NA
26.4348327566321,NA
26.4505959246444,NA
26.4663590926567,NA
26.482122260669,NA
26.4978854286813,NA
26.5136485966936,NA
26.5294117647059,NA
26.5451749327182,NA
26.5609381007305,NA
26.5767012687428,NA
26.5924644367551,NA
26.6082276047674,NA
26.6239907727797,NA
26.639753940792,NA
26.6555171088043,NA
26.6712802768166,NA
26.6870434448289,NA
26.7028066128412,NA
26.7185697808535,NA
26.7343329488658,NA
26.7500961168781,NA
26.7658592848904,NA
26.7816224529027,NA
26.797385620915,NA
26.8131487889273,NA
26.8289119569396,NA
26.8446751249519,NA
26.8604382929642,NA
26.8762014609765,NA
26.8919646289889,NA
26.9077277970012,NA
26.9234909650135,NA
26.9392541330258,NA
26.9550173010381,NA
26.9707804690504,NA
26.9865436370627,NA
27.002306805075,NA
27.0180699730873,NA
27.0338331410996,NA
27.0495963091119,NA
27.0653594771242,NA
27.0811226451365,NA
27.0968858131488,NA
27.1126489811611,NA
27.1284121491734,NA
27.1441753171857,NA
27.159938485198,NA
27.1757016532103,NA
27.1914648212226,NA
27.2072279892349,NA
27.2229911572472,NA
27.2387543252595,NA
27.2545174932718,NA
27.2702806612841,NA
27.2860438292964,NA
27.3018069973087,NA
27.317570165321,NA
27.3333333333333,NA
27.3490965013456,NA
27.3648596693579,NA
27.3806228373702,NA
27.3963860053825,NA
27.4121491733949,NA
27.4279123414072,NA
27.4436755094195,NA
27.4594386774318,NA
27.4752018454441,NA
27.4909650134564,NA
27.5067281814687,NA
27.522491349481,NA
27.5382545174933,NA
27.5540176855056,NA
27.5697808535179,NA
27.5855440215302,NA
27.6013071895425,NA
27.6170703575548,NA
27.6328335255671,NA
27.6485966935794,NA
27.6643598615917,NA
27.680123029604,NA
27.6958861976163,NA
27.7116493656286,NA
27.7274125336409,NA
27.7431757016532,NA
27.7589388696655,NA
27.7747020376778,NA
27.7904652056901,NA
27.8062283737024,NA
27.8219915417147,NA
27.837754709727,NA
27.8535178777393,NA
27.8692810457516,NA
27.8850442137639,NA
27.9008073817762,NA
27.9165705497885,NA
27.9323337178008,NA
27.9480968858132,NA
27.9638600538255,NA
27.9796232218378,NA
27.9953863898501,NA
NA,NA
NA,NA
NA,NA
NA,NA
NA,NA
NA,NA
NA,NA
NA,NA
NA,NA
NA,NA
NA,NA
NA,NA
NA,NA
NA,NA
NA,NA
NA,NA
NA,NA
NA,NA
NA,NA
NA,NA
NA,NA
NA,NA
NA,NA
NA,NA
NA,NA
NA,NA
NA,NA
NA,NA
NA,NA
NA,NA
NA,NA
NA,NA
NA,NA
NA,NA
NA,NA
NA,NA
NA,NA
NA,NA
NA,NA
NA,NA
NA,NA
NA,NA
NA,NA
NA,NA
NA,NA
NA,NA
NA,NA
NA,NA
NA,NA
NA,NA
NA,NA
NA,NA
NA,NA
NA,NA
NA,NA
NA,NA
NA,NA
NA,NA
NA,NA
NA,NA
NA,NA
NA,NA
NA,NA
NA,NA
NA,NA
NA,NA
NA,NA
NA,NA
NA,NA
NA,NA
NA,NA
NA,NA
NA,NA
NA,NA
NA,NA
NA,NA
NA,NA
NA,NA
NA,NA
NA,NA
NA,NA
NA,NA
NA,NA
NA,NA
NA,NA
NA,NA
NA,NA
NA,NA
NA,NA
NA,NA
NA,NA
NA,NA
NA,NA
NA,NA
NA,NA
NA,NA
NA,NA
NA,NA
NA,NA
NA,NA
NA,NA
NA,NA
NA,NA
NA,NA
NA,NA
NA,NA
NA,NA
NA,NA
NA,NA
NA,NA
NA,NA
NA,NA
NA,NA
NA,NA
NA,NA
NA,NA
NA,NA
NA,NA
NA,NA
NA,NA
NA,NA
NA,NA
NA,NA
NA,NA
NA,NA
NA,NA
NA,NA
NA,NA
NA,NA
NA,NA
NA,NA
NA,NA
NA,NA
NA,NA
NA,NA
NA,NA
NA,NA
NA,NA
NA,NA
NA,NA
NA,NA
NA,NA
NA,NA
NA,NA
NA,NA
NA,NA
NA,NA
NA,NA
NA,NA
NA,NA
NA,NA
NA,NA
NA,NA
NA,NA
NA,NA
NA,NA
NA,NA
NA,NA
NA,NA
NA,NA
NA,NA
NA,NA
NA,NA
NA,NA
NA,NA
NA,NA
NA,NA
NA,NA
NA,NA
NA,NA
NA,NA
NA,NA
NA,NA
NA,NA
NA,NA
NA,NA
NA,NA
NA,NA
NA,NA
NA,NA
NA,NA
NA,NA
NA,NA
NA,NA
NA,NA
NA,NA
NA,NA
NA,NA
NA,NA
NA,NA
NA,NA
NA,NA
NA,NA
NA,NA
NA,NA
NA,NA
NA,NA
NA,NA
NA,NA
NA,NA
NA,NA
NA,NA
NA,NA
NA,NA
NA,NA
NA,NA
NA,NA
NA,NA
NA,NA
NA,NA
NA,NA
NA,NA
NA,NA
NA,NA
NA,NA
NA,NA
NA,NA
NA,NA
NA,NA
NA,NA
NA,NA
NA,NA
NA,NA
NA,NA
NA,NA
NA,NA
NA,NA
NA,NA
NA,NA
NA,NA
NA,NA
NA,NA
NA,NA
NA,NA
NA,NA
NA,NA
NA,NA
NA,NA
NA,NA
NA,NA
NA,NA
NA,NA
NA,NA
NA,NA
NA,NA
NA,NA
NA,NA
NA,NA
NA,NA
NA,NA
NA,NA
NA,NA
NA,NA
NA,NA
NA,NA
NA,NA
NA,NA
NA,NA
NA,NA
NA,NA
NA,NA
NA,NA
NA,NA
NA,NA
NA,NA
NA,NA
NA,NA
NA,NA
NA,NA
NA,NA
NA,NA
NA,NA
NA,NA
NA,NA
NA,NA
NA,NA
NA,NA
NA,NA
NA,NA
NA,NA
NA,NA
NA,NA
NA,NA
NA,NA
NA,NA
NA,NA
NA,NA
NA,NA
NA,NA
NA,NA
NA,NA
NA,NA
NA,NA
NA,NA
NA,NA
NA,NA
NA,NA
NA,NA
NA,NA
NA,NA
NA,NA
NA,NA
NA,NA
NA,NA
NA,NA
NA,NA
NA,NA
NA,NA
NA,NA
NA,NA
NA,NA
NA,NA
NA,NA
NA,NA
NA,NA
NA,NA
NA,NA
NA,NA
NA,NA
NA,NA
NA,NA
NA,NA
NA,NA
NA,NA
NA,NA
NA,NA
NA,NA
NA,NA
NA,NA
NA,NA
NA,NA
NA,NA
NA,NA
NA,NA
NA,NA
NA,NA
NA,NA
NA,NA
NA,NA
NA,NA
NA,NA
NA,NA
NA,NA
NA,NA
NA,NA
NA,NA
NA,NA
NA,NA
NA,NA
NA,NA
NA,NA
NA,NA
NA,NA
NA,NA
NA,NA
NA,NA
NA,NA
NA,NA
NA,NA
NA,NA
NA,NA
NA,NA
NA,NA
NA,NA
NA,NA
NA,NA
NA,NA
NA,NA
NA,NA
NA,NA
NA,NA
NA,NA
NA,NA
NA,NA
NA,NA
NA,NA
NA,NA
NA,NA
NA,NA
NA,NA
NA,NA
NA,NA
NA,NA
NA,NA
NA,NA
NA,NA
NA,NA
NA,NA
NA,NA
NA,NA
NA,NA
NA,NA
NA,NA
NA,NA
NA,NA
NA,NA
NA,NA
NA,NA
NA,NA
NA,NA
NA,NA
NA,NA
NA,NA
NA,NA
NA,NA
NA,NA
NA,NA
NA,NA
NA,NA
NA,NA
NA,NA
NA,NA
NA,NA
NA,NA
NA,NA
NA,NA
NA,NA
NA,NA
NA,NA
NA,NA
NA,NA
NA,NA
NA,NA
NA,NA
NA,NA
NA,NA
NA,NA
NA,NA
NA,NA
NA,NA
NA,NA
NA,NA
NA,NA
NA,NA
NA,NA
NA,NA
NA,NA
NA,NA
NA,NA
NA,NA
NA,NA
NA,NA
NA,NA
NA,NA
NA,NA
NA,NA
NA,NA
NA,NA
NA,NA
NA,NA
NA,NA
NA,NA
NA,NA
NA,NA
NA,NA
NA,NA
NA,NA
NA,NA
NA,NA
NA,NA
NA,NA
NA,NA
NA,NA
NA,NA
NA,NA
NA,NA
NA,NA
NA,NA
NA,NA
NA,NA
NA,NA
NA,NA
NA,NA
NA,NA
NA,NA
NA,NA
NA,NA
NA,NA
NA,NA
NA,NA
NA,NA
NA,NA
NA,NA
NA,NA
NA,NA
NA,NA
NA,NA
NA,NA
NA,NA
NA,NA
NA,NA
NA,NA
NA,NA
NA,NA
NA,NA
NA,NA
NA,NA
NA,NA
NA,NA
NA,NA
NA,NA
NA,NA
NA,NA
NA,NA
NA,NA
NA,NA
NA,NA
NA,NA
NA,NA
NA,NA
NA,NA
NA,NA
NA,NA
NA,NA
NA,NA
NA,NA
NA,NA
NA,NA
NA,NA
NA,NA
NA,NA
NA,NA
NA,NA
NA,NA
NA,NA
NA,NA
NA,NA
NA,NA
NA,NA
NA,NA
NA,NA
NA,NA
NA,NA
NA,NA
NA,NA
NA,NA
NA,NA
NA,NA
NA,NA
NA,NA
NA,NA
NA,NA
NA,NA
NA,NA
NA,NA
NA,NA
NA,NA
NA,NA
NA,NA
NA,NA
NA,NA
NA,NA
NA,NA
NA,NA
NA,NA
NA,NA
NA,NA
NA,NA
NA,NA
NA,NA
NA,NA
NA,NA
NA,NA
NA,NA
NA,NA
NA,NA
NA,NA
NA,NA
NA,NA
NA,NA
NA,NA
NA,NA
NA,NA
NA,NA
NA,NA
NA,NA
NA,NA
NA,NA
NA,NA
NA,NA
NA,NA
NA,NA
NA,NA
NA,NA
NA,NA
NA,NA
NA,NA
NA,NA
NA,NA
NA,NA
NA,NA
NA,NA
NA,NA
NA,NA
NA,NA
NA,NA
NA,NA
NA,NA
NA,NA
NA,NA
NA,NA
NA,NA
NA,NA
NA,NA
NA,NA
NA,NA
NA,NA
NA,NA
NA,NA
NA,NA
NA,NA
NA,NA
NA,NA
NA,NA
NA,NA
NA,NA
NA,NA
NA,NA
NA,NA
NA,NA
NA,NA
NA,NA
NA,NA
NA,NA
NA,NA
NA,NA
NA,NA
NA,NA
NA,NA
NA,NA
NA,NA
NA,NA
NA,NA
NA,NA
NA,NA
NA,NA
NA,NA
NA,NA
NA,NA
NA,NA
NA,NA
NA,NA
NA,NA
NA,NA
NA,NA
NA,NA
NA,NA
NA,NA
NA,NA
NA,NA
NA,NA
NA,NA
NA,NA
NA,NA
NA,NA
NA,NA
NA,NA
NA,NA
NA,NA
NA,NA
NA,NA
NA,NA
NA,NA
NA,NA
NA,NA
NA,NA
NA,NA
NA,NA
NA,NA
NA,NA
NA,NA
NA,NA
NA,NA
NA,NA
NA,NA
NA,NA
NA,NA
NA,NA
NA,NA
NA,NA
NA,NA
NA,NA
NA,NA
NA,NA
NA,NA
NA,NA
NA,NA
NA,NA
NA,NA
NA,NA
NA,NA
NA,NA
NA,NA
NA,NA
NA,NA
NA,NA
NA,NA
NA,NA
NA,NA
NA,NA
NA,NA
NA,NA
NA,NA
NA,NA
NA,NA
NA,NA
NA,NA
NA,NA
NA,NA
NA,NA
NA,NA
NA,NA
NA,NA
NA,NA
NA,NA
NA,NA
NA,NA
NA,NA
NA,NA
NA,NA
NA,NA
NA,NA
NA,NA
NA,NA
NA,NA
NA,NA
NA,NA
NA,NA
NA,NA
NA,NA
NA,NA
NA,NA
NA,NA
NA,NA
NA,NA
NA,NA
NA,NA
NA,NA
NA,NA
NA,NA
NA,NA
NA,NA
NA,NA
NA,NA
NA,NA
NA,NA
NA,NA
NA,NA
NA,NA
NA,NA
NA,NA
NA,NA
NA,NA
NA,NA
NA,NA
NA,NA
NA,NA
NA,NA
NA,NA
NA,NA
NA,NA
NA,NA
NA,NA
NA,NA
NA,NA
NA,NA
NA,NA
NA,NA
NA,NA
NA,NA
NA,NA
NA,NA
NA,NA
NA,NA
NA,NA
NA,NA
NA,NA
NA,NA
NA,NA
NA,NA
NA,NA
NA,NA
NA,NA
NA,NA
NA,NA
NA,NA
NA,NA
NA,NA
NA,NA
NA,NA
NA,NA
NA,NA
NA,NA
NA,NA
NA,NA
NA,NA
NA,NA
NA,NA
NA,NA
NA,NA
NA,NA
NA,NA
NA,NA
NA,NA
NA,NA
NA,NA
NA,NA
NA,NA
NA,NA
NA,NA
NA,NA
NA,NA
NA,NA
NA,NA
NA,NA
NA,NA
NA,NA
NA,NA
NA,NA
NA,NA
NA,NA
NA,NA
NA,NA
NA,NA
NA,NA
NA,NA
NA,NA
NA,NA
NA,NA
NA,NA
NA,NA
NA,NA
NA,NA
NA,NA
NA,NA
NA,NA
NA,NA
NA,NA
NA,NA
NA,NA
NA,NA
NA,NA
NA,NA
NA,NA
NA,NA
NA,NA
NA,NA
NA,NA
NA,NA
NA,NA
NA,NA
NA,NA
NA,NA
NA,NA
NA,NA
NA,NA
NA,NA
NA,NA
NA,NA
NA,NA
NA,NA
NA,NA
NA,NA
NA,NA
NA,NA
NA,NA
NA,NA
NA,NA
NA,NA
NA,NA
NA,NA
NA,NA
NA,NA
NA,NA
NA,NA
NA,NA
NA,NA
NA,NA
NA,NA
NA,NA
NA,NA
NA,NA
NA,NA
NA,NA
NA,NA
NA,NA
NA,NA
NA,NA
NA,NA
NA,NA
NA,NA
NA,NA
NA,NA
NA,NA
NA,NA
NA,NA
NA,NA
NA,NA
NA,NA
NA,NA
NA,NA
NA,NA
NA,NA
NA,NA
NA,NA
NA,NA
NA,NA
NA,NA
NA,NA
NA,NA
NA,NA
NA,NA
NA,NA
NA,NA
NA,NA
NA,NA
NA,NA
NA,NA
NA,NA
NA,NA
NA,NA
NA,NA
NA,NA
NA,NA
NA,NA
NA,NA
NA,NA
NA,NA
NA,NA
NA,NA
NA,NA
NA,NA
NA,NA
NA,NA
NA,NA
NA,NA
NA,NA
NA,NA
NA,NA
NA,NA
NA,NA
NA,NA
NA,NA
NA,NA
NA,NA
NA,NA
NA,NA
NA,NA
NA,NA
NA,NA
NA,NA
NA,NA
NA,NA
NA,NA
NA,NA
NA,NA
NA,NA
NA,NA
NA,NA
NA,NA
NA,NA
NA,NA
NA,NA
NA,NA
NA,NA
NA,NA
NA,NA
NA,NA
NA,NA
NA,NA
NA,NA
NA,NA
NA,NA
NA,NA
NA,NA
NA,NA
NA,NA
NA,NA
NA,NA
NA,NA
NA,NA
NA,NA
NA,NA
NA,NA
NA,NA
NA,NA
NA,NA
NA,NA
NA,NA
NA,NA
NA,NA
NA,NA
NA,NA
NA,NA
NA,NA
NA,NA
NA,NA
NA,NA
NA,NA
NA,NA
NA,NA
NA,NA
NA,NA
NA,NA
NA,NA
NA,NA
NA,NA
NA,NA
NA,NA
NA,NA
NA,NA
NA,NA
NA,NA
NA,NA
NA,NA
NA,NA
NA,NA
NA,NA
NA,NA
NA,NA
NA,NA
NA,NA
NA,NA
NA,NA
NA,NA
NA,NA
NA,NA
NA,NA
NA,NA
NA,NA
NA,NA
NA,NA
NA,NA
NA,NA
NA,NA
NA,NA
NA,NA
NA,NA
NA,NA
NA,NA
NA,NA
NA,NA
NA,NA
NA,NA
NA,NA
NA,NA
NA,NA
NA,NA
NA,NA
NA,NA
NA,NA
NA,NA
NA,NA
NA,NA
NA,NA
NA,NA
NA,NA
NA,NA
NA,NA
NA,NA
NA,NA
NA,NA
NA,NA
NA,NA
NA,NA
NA,NA
NA,NA
NA,NA
NA,NA
NA,NA
NA,NA
NA,NA
NA,NA
NA,NA
NA,NA
NA,NA
NA,NA
NA,NA
NA,NA
NA,NA
NA,NA
NA,NA
NA,NA
NA,NA
NA,NA
NA,NA
NA,NA
NA,NA
NA,NA
NA,NA
NA,NA
NA,NA
NA,NA
NA,NA
NA,NA
NA,NA
NA,NA
NA,NA
NA,NA
NA,NA
NA,NA
NA,NA
NA,NA
NA,NA
NA,NA
NA,NA
NA,NA
NA,NA
NA,NA
NA,NA
NA,NA
NA,NA
NA,NA
NA,NA
NA,NA
NA,NA
NA,NA
NA,NA
NA,NA
NA,NA
NA,NA
NA,NA
NA,NA
NA,NA
NA,NA
NA,NA
NA,NA
NA,NA
NA,NA
NA,NA
NA,NA
NA,NA
NA,NA
NA,NA
NA,NA
NA,NA
NA,NA
NA,NA
NA,NA
NA,NA
NA,NA
NA,NA
NA,NA
NA,NA
NA,NA
NA,NA
NA,NA
NA,NA
NA,NA
NA,NA
NA,NA
NA,NA
NA,NA
NA,NA
NA,NA
NA,NA
NA,NA
NA,NA
NA,NA
NA,NA
NA,NA
NA,NA
NA,NA
NA,NA
NA,NA
NA,NA
NA,NA
NA,NA
NA,NA
NA,NA
NA,NA
NA,NA
NA,NA
NA,NA
NA,NA
NA,NA
NA,NA
NA,NA
NA,NA
NA,NA
NA,NA
NA,NA
NA,NA
NA,NA
NA,NA
NA,NA
NA,NA
NA,NA
NA,NA
NA,NA
NA,NA
NA,NA
NA,NA
NA,NA
NA,NA
NA,NA
NA,NA
NA,NA
NA,NA
NA,NA
NA,NA
NA,NA
NA,NA
NA,NA
NA,NA
NA,NA
NA,NA
NA,NA
NA,NA
NA,NA
NA,NA
NA,NA
NA,NA
NA,NA
NA,NA
NA,NA
NA,NA
NA,NA
NA,NA
NA,NA
NA,NA
NA,NA
NA,NA
NA,NA
NA,NA
NA,NA
NA,NA
NA,NA
NA,NA
NA,NA
NA,NA
NA,NA
NA,NA
NA,NA
NA,NA
NA,NA
NA,NA
NA,NA
NA,NA
NA,NA
NA,NA
NA,NA
NA,NA
NA,NA
NA,NA
NA,NA
NA,NA
NA,NA
NA,NA
NA,NA
NA,NA
NA,NA
NA,NA
NA,NA
NA,NA
NA,NA
NA,NA
NA,NA
NA,NA
NA,NA
NA,NA
NA,NA
NA,NA
NA,NA
NA,NA
NA,NA
NA,NA
NA,NA
NA,NA
NA,NA
NA,NA
NA,NA
NA,NA
NA,NA
NA,NA
NA,NA
NA,NA
NA,NA
NA,NA
NA,NA
NA,NA
NA,NA
NA,NA
NA,NA
NA,NA
NA,NA
NA,NA
NA,NA
NA,NA
NA,NA
NA,NA
NA,NA
NA,NA
NA,NA
NA,NA
NA,NA
NA,NA
NA,NA
NA,NA
NA,NA
NA,NA
NA,NA
NA,NA
NA,NA
NA,NA
NA,NA
NA,NA
NA,NA
NA,NA
NA,NA
NA,NA
NA,NA
NA,NA
NA,NA
NA,NA
NA,NA
NA,NA
NA,NA
NA,NA
NA,NA
NA,NA
NA,NA
NA,NA
NA,NA
NA,NA
NA,NA
NA,NA
NA,NA
NA,NA
NA,NA
NA,NA
NA,NA
NA,NA
NA,NA
NA,NA
NA,NA
NA,NA
NA,NA
NA,NA
NA,NA
NA,NA
NA,NA
NA,NA
NA,NA
NA,NA
NA,NA
NA,NA
NA,NA
NA,NA
NA,NA
NA,NA
NA,NA
NA,NA
NA,NA
NA,NA
NA,NA
NA,NA
NA,NA
NA,NA
NA,NA
NA,NA
NA,NA
NA,NA
NA,NA
NA,NA
NA,NA
NA,NA
NA,NA
NA,NA
NA,NA
NA,NA
NA,NA
NA,NA
NA,NA
NA,NA
NA,NA
NA,NA
NA,NA
NA,NA
NA,NA
NA,NA
NA,NA
NA,NA
NA,NA
NA,NA
NA,NA
NA,NA
NA,NA
NA,NA
NA,NA
NA,NA
NA,NA
NA,NA
NA,NA
NA,NA
NA,NA
NA,NA
NA,NA
NA,NA
NA,NA
NA,NA
NA,NA
NA,NA
NA,NA
NA,NA
NA,NA
NA,NA
NA,NA
NA,NA
NA,NA
NA,NA
NA,NA
NA,NA
NA,NA
NA,NA
NA,NA
NA,NA
NA,NA
NA,NA
NA,NA
NA,NA
NA,NA
NA,NA
NA,NA
NA,NA
NA,NA
